date,Argentina,Bolivia,Brazil,Chile,Colombia,Ecuador,Falkland Islands,Guyana,Paraguay,Peru,Suriname,Uruguay,Venezuela
2021-01-02,8081.0,1100.857,35683.286,2501.143,11643.571,748.429,0.0,8.857,650.857,1370.143,57.857,579.571,304.571
2021-01-03,8203.0,1116.857,35622.714,2583.714,11617.571,751.286,0.0,9.286,664.429,1793.286,59.286,585.0,273.429
2021-01-04,8346.714,1153.857,35280.143,2659.0,11760.571,760.286,0.0,11.571,637.571,1688.286,68.571,588.571,253.0
2021-01-05,8652.429,1197.286,35524.714,2730.714,12592.0,822.429,0.0,15.143,665.714,1509.571,69.714,591.714,257.286
2021-01-06,8891.857,1229.857,36511.429,2647.571,13330.0,837.857,0.0,12.571,676.571,1646.0,69.286,652.571,255.286
2021-01-07,9213.143,1252.429,41297.143,2886.143,13510.286,839.0,0.0,19.571,703.429,983.0,77.143,669.714,252.0
2021-01-08,10536.857,1452.714,46532.429,2973.857,14384.0,824.286,0.0,17.286,806.429,1577.571,82.429,655.143,254.714
2021-01-09,11367.857,1534.714,51681.0,3120.0,14993.571,833.714,0.0,27.143,901.143,1577.571,86.429,671.286,298.429
2021-01-10,11642.714,1605.0,53372.0,3390.286,15868.571,922.286,0.0,30.857,951.429,1154.429,87.857,766.143,340.0
2021-01-11,11711.571,1659.571,54187.429,3607.286,16538.857,918.0,0.0,29.857,956.857,2244.143,81.571,782.143,368.0
2021-01-12,11710.571,1641.857,55093.286,3719.143,16159.429,926.286,0.0,35.143,970.571,2553.571,84.571,820.286,376.714
2021-01-13,11608.286,1691.0,54710.429,3863.143,16029.857,991.143,0.429,41.286,985.429,2601.857,83.0,775.286,414.714
2021-01-14,11529.857,1732.143,51904.714,3933.714,15964.857,1088.143,0.429,39.429,969.143,2601.857,78.571,883.143,441.857
2021-01-15,11385.0,1776.429,53263.429,3971.286,16373.0,1102.571,0.429,48.0,970.714,4263.286,79.286,943.857,455.571
2021-01-16,11081.429,1840.286,54270.857,3964.429,17095.857,1494.143,0.429,44.286,946.0,4263.286,74.429,956.429,447.714
2021-01-17,11003.714,1898.143,54612.143,3987.0,17359.0,1487.429,0.429,47.714,918.143,4912.429,74.143,884.571,456.143
2021-01-18,10929.571,1920.714,54353.0,3979.714,17318.429,1448.286,0.429,49.0,864.714,3626.143,80.0,851.714,494.429
2021-01-19,10695.0,2047.0,54028.0,4002.286,17569.857,1428.714,0.429,42.429,824.143,3316.714,75.857,800.0,545.429
2021-01-20,10607.429,2132.429,54692.286,4030.714,17857.0,1428.571,0.429,45.571,836.429,4711.857,76.571,831.286,554.286
2021-01-21,10337.429,2196.714,53352.429,4056.429,17606.286,1455.286,0.429,46.0,839.714,4711.857,82.857,714.714,549.286
2021-01-22,10111.857,2095.429,51567.857,4126.571,16748.429,1470.286,0.429,48.286,797.286,3840.571,76.571,746.286,562.714
2021-01-23,10030.429,2044.143,51546.857,4164.857,15990.714,1060.571,0.429,53.0,776.143,3840.571,75.857,756.857,562.714
2021-01-24,9711.429,1979.143,51133.0,4182.571,15296.0,1401.429,0.429,55.714,784.571,4767.286,75.714,750.714,558.0
2021-01-25,9624.714,2012.143,51361.143,4204.0,14944.857,1417.571,0.429,55.143,825.429,4767.286,69.714,739.714,524.0
2021-01-26,9377.286,2016.857,51283.857,4192.714,14611.571,1368.286,1.286,56.571,862.143,6667.429,66.429,747.714,486.857
2021-01-27,9196.0,2047.0,51326.0,4164.0,14046.571,1317.143,0.857,52.143,816.571,4860.714,65.714,719.143,466.714
2021-01-28,8921.0,2047.571,51584.571,4148.0,13604.286,1401.571,0.857,57.571,771.286,5822.286,59.0,699.286,443.429
2021-01-29,8790.286,2162.143,51998.571,4097.571,12887.857,1361.286,0.857,55.0,788.0,5254.0,59.857,622.714,425.857
2021-01-30,8581.714,2201.143,51258.0,4036.143,11976.714,1649.571,0.857,51.286,781.0,7159.286,57.571,602.0,439.714
2021-01-31,8573.714,2256.857,51169.571,3999.857,11342.714,1362.286,0.857,49.0,796.429,6328.714,54.429,586.429,459.714
2021-02-01,8436.0,2211.571,50878.143,3958.571,10965.714,1345.571,0.857,48.143,773.571,6328.714,48.143,583.857,462.0
2021-02-02,8334.0,2174.0,50116.714,3933.571,10463.571,1304.714,0.0,47.429,726.857,5068.143,46.143,569.571,461.0
2021-02-03,8098.714,2053.286,48637.0,3822.429,10045.286,1265.0,0.0,47.714,723.714,7299.714,44.714,555.286,479.571
2021-02-04,8015.857,1929.714,48115.143,3727.714,9691.0,1048.429,0.571,44.286,729.429,6338.143,43.143,559.571,487.286
2021-02-05,7806.714,1788.286,46999.0,3610.0,9289.571,1246.429,0.571,51.286,714.857,6481.0,36.429,539.143,493.571
2021-02-06,7775.0,1675.857,46027.0,3597.429,9200.143,1048.0,0.571,51.143,722.143,5717.571,35.286,518.714,474.286
2021-02-07,7586.857,1590.286,45778.714,3539.571,8904.571,1064.857,0.571,48.714,698.714,6922.714,33.286,510.429,455.571
2021-02-08,7378.286,1555.429,45792.429,3494.571,8136.571,1088.714,0.571,52.714,737.714,6922.714,34.429,503.143,464.286
2021-02-09,7106.714,1472.143,45069.429,3450.571,7472.429,1214.857,1.714,51.857,762.429,7723.143,30.429,498.0,477.714
2021-02-10,6898.571,1436.429,46025.714,3418.714,6817.857,1098.0,1.714,54.0,795.429,5491.571,26.143,509.0,451.571
2021-02-11,6672.857,1374.286,45525.286,3438.571,6318.429,1267.714,1.143,50.714,821.714,6452.143,24.286,492.857,436.143
2021-02-12,6498.143,1312.571,45132.714,3493.143,6072.714,1157.857,1.143,42.0,815.429,6751.0,22.714,503.571,432.571
2021-02-13,6409.143,1272.571,44925.0,3473.429,5558.429,1201.714,1.143,38.286,834.286,6814.714,20.571,521.0,442.857
2021-02-14,6493.0,1252.143,45576.571,3474.714,5403.286,1277.286,1.143,35.571,846.286,6942.857,18.857,514.0,443.143
2021-02-15,6222.286,1136.714,45179.714,3455.857,5298.143,1299.143,1.143,29.857,878.571,7400.429,17.286,530.0,425.857
2021-02-16,5680.714,996.429,47189.286,3407.143,5099.143,1184.286,0.143,31.571,913.857,5960.429,15.714,510.286,404.429
2021-02-17,5441.429,856.143,45206.0,3391.143,4907.714,1163.286,0.143,31.571,922.286,6850.143,13.286,490.0,406.143
2021-02-18,5492.857,810.0,45188.143,3405.0,4697.714,1092.429,0.143,29.0,978.143,6947.857,10.429,499.714,421.857
2021-02-19,5597.857,796.857,45647.429,3352.571,4547.429,1108.429,0.143,25.143,1012.286,7070.714,10.857,507.0,407.857
2021-02-20,5581.714,819.286,46721.0,3349.857,4557.429,1081.429,0.143,27.429,1041.143,6967.857,8.857,529.143,408.571
2021-02-21,5505.143,794.286,46544.143,3321.571,4460.429,1064.286,0.143,27.0,1096.571,6858.714,9.286,558.0,407.143
2021-02-22,5813.429,861.714,47406.714,3352.571,4444.857,1038.143,0.143,27.857,1080.429,6401.143,8.286,564.286,424.0
2021-02-23,6309.714,953.429,47164.0,3325.429,4427.286,1101.0,0.0,27.143,1082.0,6893.714,8.571,606.857,437.0
2021-02-24,6612.429,1032.0,49758.429,3365.429,4263.0,1508.571,0.0,20.571,1093.0,6966.857,8.571,666.571,446.571
2021-02-25,6692.857,1042.571,51872.714,3457.429,4100.0,1615.571,0.0,21.0,1081.0,6951.714,9.0,706.143,441.429
2021-02-26,6292.429,1030.714,53478.143,3570.0,3970.143,1617.571,0.0,22.286,1131.286,7794.143,8.429,737.857,454.429
2021-02-27,6224.571,968.0,54342.0,3653.286,3731.0,1607.143,0.0,21.571,1115.143,7762.857,9.0,742.714,448.0
2021-02-28,6147.286,959.714,54896.286,3595.0,3632.571,1640.286,0.0,23.571,1108.0,5793.429,8.714,739.857,435.429
2021-03-01,6038.857,941.571,56116.143,3823.0,3656.714,1628.429,0.0,24.0,1112.857,6642.286,9.143,754.143,428.571
2021-03-02,5921.143,882.429,55560.429,3885.0,3715.714,1563.571,0.0,24.857,1105.714,7362.857,8.429,742.571,421.143
2021-03-03,5874.286,810.286,56633.714,3954.286,3586.286,1527.571,0.0,27.286,1138.143,6400.0,8.714,742.857,419.714
2021-03-04,5759.714,791.143,57739.857,3967.857,3569.429,1223.714,0.0,30.571,1160.143,6310.0,8.286,750.0,441.286
2021-03-05,6160.857,772.286,59041.286,4074.429,3541.429,1210.143,0.0,30.857,1172.571,4783.429,7.571,769.571,437.286
2021-03-06,6073.857,771.857,60253.571,4152.143,3587.143,1228.0,0.0,31.714,1204.571,4918.714,7.429,806.857,449.429
2021-03-07,6038.714,751.857,67156.286,4451.429,3566.571,1192.571,0.0,31.714,1224.143,5871.571,6.857,834.714,460.286
2021-03-08,6095.857,709.857,66613.429,4394.714,3371.571,1178.714,0.0,31.286,1344.571,5910.143,6.714,873.0,461.286
2021-03-09,6189.286,723.429,68270.429,4507.429,3253.286,1198.429,0.0,31.571,1493.571,5960.857,6.571,908.0,483.857
2021-03-10,6166.143,724.429,69494.429,4628.143,3330.571,1052.714,0.0,40.0,1591.714,5960.857,5.286,915.714,419.714
2021-03-11,6276.429,697.143,69644.286,4770.429,3475.429,1174.571,0.0,42.0,1645.286,6069.714,5.429,967.429,473.857
2021-03-12,6270.429,718.143,71068.0,4862.143,3576.429,1163.714,0.0,48.571,1683.143,6389.143,6.571,1020.714,490.0
2021-03-13,6473.0,722.0,71559.286,4985.143,3691.0,1103.286,0.0,49.857,1729.0,6330.857,7.286,1017.571,499.143
2021-03-14,6583.714,730.857,66097.0,5046.429,3784.0,1102.571,0.0,50.429,1710.143,6142.714,6.714,1122.0,434.429
2021-03-15,6741.714,760.429,67201.143,5099.714,3860.429,1125.714,0.0,53.286,1650.571,5890.0,6.857,1166.0,530.571
2021-03-16,6874.286,766.714,69251.286,5245.429,3889.714,1105.714,0.0,55.857,1623.286,5564.429,7.0,1177.571,529.571
2021-03-17,6961.571,799.143,70277.714,5180.429,4027.714,1251.0,0.0,56.286,1696.429,7939.286,7.429,1236.286,608.0
2021-03-18,6979.286,814.429,71828.429,5422.429,4107.714,1353.143,0.0,64.143,1809.429,6877.286,7.429,1299.857,561.571
2021-03-19,7023.714,783.429,72655.286,5509.714,4258.429,1489.571,0.0,59.571,1843.714,8153.429,6.143,1332.429,622.714
2021-03-20,7102.0,772.429,73056.857,5672.857,4586.429,1457.429,0.0,66.286,1932.429,7005.0,5.571,1398.571,703.857
2021-03-21,7149.857,749.286,73627.857,5832.714,4869.429,1482.429,0.0,69.857,2015.429,8337.571,6.0,1406.571,820.571
2021-03-22,7183.714,735.429,75293.0,5980.429,5199.143,1479.0,0.0,68.714,2099.714,7702.857,5.571,1624.0,772.286
2021-03-23,7350.857,728.286,75230.571,6025.143,5374.857,1530.857,0.0,70.571,2112.429,8897.857,5.714,1748.143,782.857
2021-03-24,7350.286,714.714,75552.571,6224.429,5579.429,1601.286,0.0,71.143,2133.571,6523.0,5.0,1810.571,819.714
2021-03-25,7337.429,698.857,77029.0,6196.286,5807.0,1603.857,0.0,65.143,2029.571,9266.714,5.143,1806.0,851.0
2021-03-26,8019.714,700.429,75898.571,6324.0,6130.143,1686.857,0.0,74.429,2029.286,8677.0,4.714,1991.714,822.857
2021-03-27,8521.429,698.714,77119.857,6403.429,6343.429,1690.143,0.0,69.571,1999.714,9904.0,4.857,2193.571,765.286
2021-03-28,8975.143,713.429,77050.286,6472.0,6500.0,1697.714,0.0,74.143,2076.143,9079.429,4.429,2267.0,790.286
2021-03-29,10062.714,734.286,75142.429,6627.143,6785.857,1753.286,0.0,73.429,2044.714,9542.143,5.286,2193.429,864.143
2021-03-30,10169.714,761.857,75318.571,6647.714,7215.286,1965.0,0.0,65.714,2079.429,7408.857,5.0,2350.571,948.714
2021-03-31,11277.714,764.571,75007.0,6822.143,7595.286,1706.857,0.0,61.286,1977.714,9649.714,6.429,2533.857,1026.0
2021-04-01,12162.286,784.857,73508.714,6937.571,8269.143,1676.0,0.0,68.143,1939.714,8751.143,5.286,2675.714,1083.714
2021-04-02,11728.857,748.0,71941.429,7023.429,8673.0,1512.429,0.0,62.714,1883.143,7994.429,6.0,2746.429,1117.857
2021-04-03,11735.429,737.857,65891.714,7080.714,8800.857,1496.571,0.0,66.857,1828.0,7569.714,8.286,2660.857,1239.143
2021-04-04,12127.857,758.0,63800.286,7077.429,9069.857,1599.857,0.0,58.857,1793.143,7497.857,9.429,2907.286,1352.571
2021-04-05,12078.286,720.714,63808.714,6875.429,9518.571,1664.714,0.0,60.571,1748.286,8155.429,10.0,2910.571,1372.143
2021-04-06,13609.143,781.571,63621.714,6898.286,10072.143,1482.429,0.0,63.571,1720.714,8155.429,10.714,2943.143,1417.857
2021-04-07,14463.857,793.571,63617.571,6783.429,10462.857,1549.857,0.857,67.0,1778.429,7112.286,11.143,3062.571,1384.571
2021-04-08,15785.714,840.0,63729.286,6837.714,10607.857,1604.429,0.857,68.286,1902.429,8020.143,18.857,3209.857,1374.571
2021-04-09,17818.286,957.429,66405.714,6990.857,10879.714,1520.0,0.857,73.143,2036.571,8596.286,19.286,3768.286,1390.143
2021-04-10,19109.0,1014.714,70291.0,7006.286,11645.429,1671.714,0.857,72.0,2050.286,9400.857,17.857,3925.143,1349.857
2021-04-11,19867.143,1023.0,71270.571,7102.0,12854.143,1590.857,0.857,81.286,2012.143,9332.429,19.857,3840.714,1252.0
2021-04-12,20691.429,1098.857,70838.571,7186.857,13789.714,1470.429,0.857,83.286,2125.571,9015.857,20.286,3887.857,1180.571
2021-04-13,21567.286,1041.857,70485.571,7275.714,14439.714,1412.429,0.857,91.429,2200.714,9928.286,25.571,3766.714,1128.286
2021-04-14,22012.714,1046.429,68472.714,7320.714,15169.143,1562.143,0.286,93.714,2149.286,9877.714,31.0,3586.0,1129.286
2021-04-15,22200.714,986.714,65991.0,7204.0,15805.429,1973.143,0.286,96.286,2133.286,7124.714,29.143,3691.714,1141.714
2021-04-16,22963.857,958.714,65459.143,6984.286,16459.429,1898.0,0.286,97.714,2094.857,7506.286,33.0,3089.0,1164.0
2021-04-17,22921.0,827.143,65746.714,6975.143,16765.857,1897.143,0.286,102.571,2088.429,8265.571,38.143,3002.857,1159.571
2021-04-18,23064.571,995.857,65698.571,6888.429,16678.429,1961.286,0.286,102.0,2124.714,7133.143,39.857,2871.714,1186.143
2021-04-19,23210.857,1039.714,65251.714,6917.143,16314.143,1927.571,0.286,101.714,2128.714,7781.0,37.857,2837.143,1254.714
2021-04-20,23517.143,1070.286,63820.571,6782.714,16398.143,1937.857,0.286,99.286,2129.286,8483.0,46.286,2842.429,1252.0
2021-04-21,23627.857,1110.0,63732.286,6733.714,16501.714,1757.714,0.0,108.286,2220.714,7335.857,53.429,2930.286,1235.857
2021-04-22,23944.571,1182.429,60435.857,6660.286,16842.857,1423.143,0.143,101.0,2264.857,9552.714,58.143,2770.286,1242.571
2021-04-23,23717.714,1218.857,58277.857,6655.857,17303.143,2191.714,0.143,115.143,2332.571,9227.429,62.286,2852.571,1253.143
2021-04-24,24017.857,1403.571,57594.429,6494.714,17314.0,2085.286,0.143,119.714,2418.857,8074.857,64.429,2846.571,1231.429
2021-04-25,23838.571,1227.571,56852.0,6402.571,17359.571,1830.857,0.143,120.0,2416.714,9135.571,66.286,2874.429,1189.714
2021-04-26,23600.286,1202.286,56262.857,6324.857,17166.714,2030.286,0.143,121.857,2415.714,8628.429,71.429,2902.286,1129.0
2021-04-27,23078.857,1226.143,56720.143,6226.143,17254.286,2025.0,0.143,122.0,2395.429,7014.0,67.143,2967.0,1140.714
2021-04-28,22762.571,1252.857,57190.286,6124.0,17616.143,2117.0,0.143,118.714,2352.0,9178.714,61.0,2918.0,1173.429
2021-04-29,22596.429,1062.857,60119.714,6095.857,17330.714,2185.143,0.0,124.571,2354.714,6961.857,60.143,2834.714,1189.0
2021-04-30,21815.857,1120.0,60509.286,6049.0,17025.714,1508.0,0.0,119.286,2277.571,7684.286,61.571,2698.714,1186.0
2021-05-01,21141.857,1334.571,59725.143,5849.143,17210.286,1690.714,0.0,114.857,2246.714,6470.714,61.714,2654.571,1191.714
2021-05-02,20625.0,1266.857,59103.286,5912.0,17027.286,1991.0,0.0,116.429,2208.714,7060.429,63.429,2518.143,1221.286
2021-05-03,20214.571,1458.0,60044.857,5743.0,16850.143,1895.857,0.0,115.714,2157.143,6563.0,66.0,2395.857,1204.714
2021-05-04,20320.714,1246.571,59143.571,5613.143,16417.714,2273.286,0.0,118.571,2121.857,7214.714,66.571,2407.143,1155.143
2021-05-05,20372.286,1248.714,59014.0,5525.429,15712.143,2198.0,0.0,123.714,2114.857,5050.0,68.286,2405.714,1088.429
2021-05-06,20091.286,1765.571,59539.143,5465.286,15595.286,2091.143,0.0,121.571,2096.429,5874.0,75.714,2530.714,1095.857
2021-05-07,20110.143,1494.0,60230.0,5361.857,15557.429,2146.571,0.0,112.857,2165.143,3573.143,81.429,2531.143,1071.143
2021-05-08,20327.571,1574.286,60725.571,5460.143,15398.571,2047.429,0.0,114.143,2183.286,6515.857,84.571,2556.0,1097.714
2021-05-09,20354.429,1574.286,61215.857,5221.286,15586.143,1856.714,0.0,120.571,2178.0,5613.143,89.0,2598.714,1114.714
2021-05-10,20563.143,1375.143,60831.857,5284.714,15721.0,2002.0,0.0,125.429,2175.857,5166.143,95.714,2678.571,1175.857
2021-05-11,20525.714,1603.571,60913.429,5354.571,15988.714,1621.857,0.0,125.0,2199.143,4954.429,97.571,2700.143,1187.0
2021-05-12,20582.286,1715.143,60895.714,5357.0,16301.143,1654.857,0.0,118.571,2273.571,6707.143,104.429,2605.0,1195.714
2021-05-13,20931.571,1525.429,62001.429,5336.143,16682.571,1493.714,0.0,126.857,2273.857,5883.143,108.0,2636.0,1111.571
2021-05-14,21618.857,1862.0,62154.286,5391.143,16547.714,1444.857,0.0,130.714,2200.714,7798.857,110.571,2722.857,1116.714
2021-05-15,22111.0,1740.857,62952.857,5468.0,16828.143,1514.143,0.0,137.857,2205.714,4856.143,115.429,2754.143,921.286
2021-05-16,22792.143,2145.714,63644.857,5582.714,16524.0,1404.714,0.0,129.857,2248.286,5537.429,119.714,2832.714,1061.571
2021-05-17,24406.286,2316.286,63544.429,5612.571,16587.0,1258.571,0.0,130.0,2266.143,5537.429,127.714,2862.286,1036.143
2021-05-18,25773.0,2087.857,64215.714,5616.571,16117.286,1267.286,0.0,131.857,2312.857,5709.143,135.0,2882.714,1069.571
2021-05-19,27941.143,2123.286,64789.286,5740.143,16058.143,1182.143,0.0,135.429,2306.143,5425.143,140.286,3037.571,1123.714
2021-05-20,29277.286,2191.286,65268.857,5958.571,15619.0,1353.143,0.0,128.286,2372.286,5425.143,142.714,3148.571,1146.571
2021-05-21,30435.143,2263.0,65085.571,6056.714,15370.0,1374.143,0.0,107.857,2513.0,4473.0,147.857,3333.429,1149.143
2021-05-22,31964.0,2333.857,65163.429,6165.857,15350.571,1188.571,0.0,120.857,2673.0,5971.714,157.143,3418.571,1293.429
2021-05-23,33171.286,2440.857,65296.429,6195.714,16290.0,1246.0,0.0,122.714,2777.714,5176.714,165.857,3512.286,1149.143
2021-05-24,32310.0,2118.429,65565.286,6166.429,16860.429,1189.714,0.0,111.143,2877.714,5176.714,170.714,3568.857,1200.571
2021-05-25,30746.857,2932.143,65456.143,6222.714,18009.571,1243.0,0.0,111.571,2951.857,5560.143,177.714,3690.429,1219.0
2021-05-26,30139.286,3017.286,65453.571,6284.143,18996.429,1189.143,0.0,135.571,3027.0,4804.286,187.286,3867.143,1227.571
2021-05-27,30881.571,3053.286,62759.857,6344.571,20283.0,1010.571,0.0,130.143,3042.0,5491.286,205.857,3775.857,1280.571
2021-05-28,31415.714,3072.143,59510.857,6495.429,21502.429,934.857,0.0,140.143,2993.571,4527.714,223.286,3379.714,1300.714
2021-05-29,31082.857,2949.143,60649.0,6597.714,21753.429,985.857,0.0,115.429,2879.429,3814.857,226.714,3737.571,1341.571
2021-05-30,30589.286,2688.714,61071.0,6798.429,21546.143,998.571,0.0,111.429,2816.714,3180.857,236.143,3770.0,1350.714
2021-05-31,31378.429,3089.429,60946.286,7012.143,22431.857,977.0,0.0,117.429,2813.286,4311.429,236.0,3802.143,1335.143
2021-06-01,32914.714,2767.0,61642.286,7133.714,23115.429,1074.714,0.0,125.571,2761.429,3316.286,233.286,3735.286,1347.286
2021-06-02,32860.143,2780.857,63932.714,7193.571,23617.286,1090.571,0.0,100.143,2745.571,4026.714,244.0,3584.143,1335.429
2021-06-03,31604.571,2696.714,65580.714,7196.857,24121.857,1069.714,0.0,103.143,2763.571,3339.714,237.714,3434.143,1312.143
2021-06-04,30425.0,2698.143,64049.714,7137.857,25068.429,1082.0,0.0,105.0,2857.0,4873.143,243.429,3756.0,1300.714
2021-06-05,29537.286,2717.143,62021.714,7238.429,26279.429,955.429,0.0,113.571,2915.429,4690.857,253.857,3504.429,1324.429
2021-06-06,28832.857,2669.714,61863.714,7207.0,26826.857,930.286,0.0,107.857,2925.286,4690.857,253.857,3578.143,1334.0
2021-06-07,27978.571,2269.0,62307.857,7219.714,26651.429,957.429,0.0,109.429,2944.857,4014.429,261.714,3468.571,1350.857
2021-06-08,27376.0,2608.143,58993.571,7294.286,25597.143,756.429,0.0,98.714,2984.143,4218.571,273.286,3567.429,1390.429
2021-06-09,26624.571,2135.286,57363.429,7256.429,24865.571,715.0,0.0,97.429,2970.143,3214.429,269.286,3554.429,1429.857
2021-06-10,25958.429,2798.571,59531.571,7196.571,25298.714,886.571,0.0,101.714,2898.143,4260.714,267.143,3659.429,1404.857
2021-06-11,25384.714,2370.0,65694.571,7153.286,25237.286,911.714,0.0,105.286,2786.286,3127.143,255.714,3570.571,1366.857
2021-06-12,24589.0,2801.857,67424.0,6960.857,25384.0,954.143,0.0,98.0,2661.286,2523.571,259.714,3395.286,1370.714
2021-06-13,24107.286,2827.429,66944.143,6931.0,26022.429,940.143,0.0,103.0,2610.143,3319.143,261.571,3139.714,1364.0
2021-06-14,23978.286,3134.857,67369.286,6825.571,26369.143,914.286,0.0,104.0,2497.714,2865.0,259.0,3147.857,1323.143
2021-06-15,23424.429,2671.714,71859.0,6688.857,27207.143,912.714,0.0,103.571,2430.857,3211.143,254.857,2948.143,1259.429
2021-06-16,22870.286,3076.857,72096.286,6541.857,28056.857,1044.286,0.0,102.714,2361.429,2792.0,256.429,2872.857,1241.857
2021-06-17,22320.571,2449.714,69988.857,6393.429,27812.429,902.571,0.0,92.143,2322.0,3494.143,259.286,2662.143,1287.857
2021-06-18,21381.857,2449.714,71293.429,6226.0,27701.0,1039.143,0.0,91.571,2243.571,3589.0,253.857,2556.286,1331.429
2021-06-19,21035.286,2230.571,71887.857,6040.429,27520.429,1068.286,0.0,95.714,2203.571,3589.0,234.0,2415.286,1300.571
2021-06-20,20657.0,2156.143,72974.0,5792.143,27420.286,1072.429,0.0,101.429,2112.0,3300.571,236.143,2336.0,1293.429
2021-06-21,18844.714,1957.857,73362.286,5651.429,27257.857,1070.571,0.0,99.714,2034.143,3855.143,220.286,2223.429,1307.857
2021-06-22,18005.714,1828.714,78663.286,5527.714,27852.714,1114.571,0.0,100.571,1902.571,3304.857,210.429,2120.857,1322.286
2021-06-23,18211.571,1747.857,77358.714,5264.0,28162.429,1132.429,0.0,82.286,1836.286,3732.714,205.857,1961.714,1130.714
2021-06-24,18309.143,1711.857,77377.571,4805.857,28598.429,1020.286,0.0,118.857,1744.857,2390.429,194.571,1904.571,1254.286
2021-06-25,18832.0,2023.571,74465.714,4638.571,29161.714,1119.857,0.0,119.571,1704.0,2869.0,190.714,1743.143,1258.857
2021-06-26,19249.714,1721.714,71998.714,4481.0,29856.0,1110.857,0.0,114.429,1681.143,2869.0,187.429,1640.286,1276.571
2021-06-27,19494.0,1698.286,70197.714,4297.857,30507.143,1127.857,0.0,111.571,1730.0,2761.143,174.857,1571.571,1270.714
2021-06-28,20891.571,1822.429,68290.429,4130.571,31255.571,1301.429,0.0,106.714,1720.429,2500.571,174.143,1504.714,1085.286
2021-06-29,21274.143,1877.857,59963.0,3977.286,30864.714,1473.286,0.0,103.571,1731.714,2500.571,174.429,1388.143,1040.286
2021-06-30,20610.429,1839.429,55641.143,3927.571,30566.571,1342.429,0.0,117.286,1666.714,2637.0,169.0,1300.429,1334.286
2021-07-01,20141.0,1729.714,53427.714,3812.143,29897.714,1436.429,0.0,82.429,1648.714,3015.0,173.286,1229.429,1197.429
2021-07-02,19693.143,1646.286,51786.429,3591.714,29222.286,1274.714,0.0,79.571,1571.143,2041.714,164.571,1119.571,1179.0
2021-07-03,19047.286,1582.429,50796.143,3402.714,28270.0,1254.286,0.0,75.857,1528.429,2041.714,163.286,1045.571,1149.429
2021-07-04,18603.714,1576.143,49865.0,3240.143,27397.0,1115.143,0.0,71.571,1487.571,2722.286,161.571,977.571,1142.857
2021-07-05,18444.857,1542.0,49275.857,3067.286,26952.429,986.571,0.0,71.143,1445.714,2651.714,157.857,910.143,1290.0
2021-07-06,18091.286,1512.857,48665.429,2955.857,27072.571,923.143,0.0,87.0,1396.857,2990.857,151.714,834.429,1308.429
2021-07-07,17627.0,1437.571,49668.857,2919.143,26547.0,932.143,0.0,84.286,1359.857,2796.0,150.857,759.286,1181.143
2021-07-08,17352.571,1419.714,48671.286,3004.857,25827.0,905.714,0.0,87.857,1323.714,2376.0,151.571,671.143,1126.143
2021-07-09,16442.571,1191.429,47939.857,2825.429,24902.857,845.143,0.0,86.143,1314.857,2376.0,158.0,640.714,1105.0
2021-07-10,16089.286,1357.857,46566.714,2671.286,24043.857,833.429,0.0,88.429,1297.429,3037.286,155.714,586.143,1049.571
2021-07-11,16067.857,1324.714,45664.571,2527.714,23066.429,886.286,0.0,82.143,1282.286,2237.714,143.286,552.857,872.429
2021-07-12,15741.0,1296.286,44421.429,2430.714,22107.0,823.571,0.0,87.571,1268.571,2125.714,142.571,512.857,1035.0
2021-07-13,15517.143,1228.857,42547.571,2346.0,20794.286,990.143,0.0,69.571,1218.571,2073.714,144.714,468.286,1025.286
2021-07-14,15556.286,1018.286,42823.286,2256.286,19794.429,961.143,0.0,82.571,1179.286,2035.143,132.571,434.143,1017.0
2021-07-15,15276.143,1193.571,42859.143,2129.286,19050.857,977.714,0.0,73.857,1134.714,1993.857,123.429,391.857,1065.0
2021-07-16,15668.0,1193.571,40639.571,2022.571,18530.429,939.143,0.0,73.857,1122.286,2284.143,126.571,368.286,1083.429
2021-07-17,15763.571,1159.857,41340.857,1903.0,18389.0,1034.143,0.0,78.143,1114.714,1901.429,126.143,350.286,1139.143
2021-07-18,15490.0,1130.429,40998.0,1771.571,18215.143,1102.714,0.0,87.0,1039.0,1853.857,127.0,328.0,1291.0
2021-07-19,15172.143,1098.429,40644.143,1608.571,17901.571,1128.286,0.0,80.0,971.571,1841.143,121.286,313.714,1136.571
2021-07-20,14465.571,901.429,38156.0,1567.286,17229.714,1009.143,0.0,87.571,910.0,1778.0,120.143,297.0,982.286
2021-07-21,13742.0,1219.429,38118.714,1532.0,16374.571,979.714,0.0,72.857,870.0,1704.0,110.571,272.714,1092.429
2021-07-22,13199.857,962.714,37302.0,1459.571,15589.714,1008.857,0.0,65.571,808.143,1625.571,101.714,267.143,1071.571
2021-07-23,12965.714,1109.143,46474.143,1401.286,14914.143,1010.429,0.0,71.286,732.857,1566.286,90.571,238.714,905.571
2021-07-24,12809.429,894.429,44419.571,1324.0,13648.286,786.429,0.0,88.429,641.571,1539.857,88.714,225.429,1012.571
2021-07-25,12891.0,895.571,44635.143,1328.286,12625.714,665.0,0.0,84.0,621.286,1520.0,86.143,222.286,1006.143
2021-07-26,12861.143,756.857,45304.571,1351.714,11489.714,947.857,0.0,88.429,619.571,1508.571,84.429,216.0,1007.571
2021-07-27,13101.143,985.571,47082.0,1318.857,11289.286,714.429,0.0,80.857,603.857,1479.714,84.714,202.429,1159.0
2021-07-28,13279.857,796.857,45826.714,1294.714,11020.714,870.429,0.0,71.571,573.143,1437.429,89.714,194.714,1034.571
2021-07-29,13367.714,805.714,44775.286,1225.0,10608.429,841.286,0.0,91.286,547.286,1296.143,92.143,182.286,990.571
2021-07-30,13062.143,659.286,35240.714,1181.571,10079.571,832.0,0.0,86.857,511.0,1065.143,85.429,173.286,1123.286
2021-07-31,12950.714,790.143,35303.571,1146.0,9788.857,950.286,0.0,61.857,495.714,1212.714,79.143,172.286,994.571
2021-08-01,12747.429,782.286,35603.143,1109.286,9509.714,982.571,0.0,53.286,479.571,1258.143,75.286,162.571,978.714
2021-08-02,12551.429,873.571,35236.429,1072.429,9243.0,679.286,0.0,48.857,447.0,1348.571,76.571,161.571,950.143
2021-08-03,12279.0,748.714,33651.429,1052.429,8600.571,877.429,0.0,58.429,410.429,1468.714,74.429,151.429,924.714
2021-08-04,11972.286,738.286,32721.143,1038.0,8274.857,684.143,0.429,58.429,376.571,1599.286,70.857,145.429,890.0
2021-08-05,11925.286,691.0,32458.714,1014.429,7824.857,669.0,0.429,59.571,357.0,1780.857,71.143,138.286,883.429
2021-08-06,11934.714,691.0,32786.286,991.714,7470.286,663.0,0.429,55.0,351.0,1994.571,80.857,133.0,890.571
2021-08-07,11855.714,536.571,33421.286,962.571,7044.857,637.0,0.429,58.429,353.857,1819.286,80.857,120.429,907.0
2021-08-08,11864.0,542.429,32498.571,917.286,6367.143,655.143,0.429,65.571,346.0,1734.857,85.714,133.857,777.429
2021-08-09,11720.714,590.429,32022.429,923.429,5993.857,651.857,0.429,67.0,336.857,1629.0,86.714,127.429,765.857
2021-08-10,11372.429,486.571,32446.143,909.429,5568.0,467.714,0.429,49.857,330.429,1483.143,79.143,124.0,861.143
2021-08-11,11038.286,590.286,31718.429,897.714,5322.857,521.571,0.0,73.286,324.286,1349.714,86.857,125.571,751.714
2021-08-12,10978.714,490.571,31200.429,886.571,4998.857,487.286,0.0,65.0,299.571,1279.571,86.0,120.286,924.0
2021-08-13,10253.429,690.857,29818.143,836.714,4577.0,451.857,0.0,71.571,277.429,1254.286,82.857,115.143,910.571
2021-08-14,9736.286,624.143,28356.571,826.286,4285.0,426.857,0.0,74.714,246.286,1243.714,88.857,121.714,867.143
2021-08-15,9391.429,676.0,28338.429,832.714,4111.0,404.429,0.0,82.714,225.0,1209.571,84.429,112.286,997.0
2021-08-16,8456.571,536.714,28716.714,802.286,3987.857,407.143,0.0,83.286,207.571,1137.714,85.0,111.429,1003.429
2021-08-17,7850.857,722.857,29223.0,786.714,3887.714,483.143,0.0,97.571,191.857,1256.143,99.857,112.0,782.143
2021-08-18,7617.571,602.429,29898.429,766.286,3571.429,499.143,0.0,91.286,165.429,1254.143,99.143,110.286,920.286
2021-08-19,7221.429,602.429,29920.571,727.714,3417.286,473.286,0.0,78.714,151.143,1235.429,107.429,108.714,901.143
2021-08-20,7176.857,507.571,30094.571,716.143,3330.0,506.714,0.0,100.429,141.143,1246.429,111.0,114.571,774.714
2021-08-21,7134.857,680.429,29526.0,694.286,3181.143,542.143,0.0,109.857,146.143,1200.143,118.857,116.286,922.429
2021-08-22,7028.0,602.143,29551.429,660.571,3110.857,523.286,0.0,110.714,147.143,1191.571,130.0,114.571,792.571
2021-08-23,7385.0,671.857,29189.143,637.429,3044.714,516.143,0.0,108.714,142.286,1191.571,133.286,113.429,938.143
2021-08-24,7377.429,570.0,28161.0,634.857,2933.286,493.0,0.0,118.714,135.429,1123.429,139.143,111.714,1070.714
2021-08-25,6981.714,565.286,26705.0,620.286,2832.429,427.0,0.0,131.143,127.714,1108.0,154.571,106.714,1089.714
2021-08-26,6446.143,641.0,25977.857,609.857,2652.714,429.143,0.0,152.714,122.571,1071.857,165.429,100.0,997.0
2021-08-27,6110.0,535.571,25055.429,598.0,2461.571,364.143,0.0,131.429,118.143,1031.857,178.857,89.714,997.0
2021-08-28,5800.857,486.857,24716.143,583.0,2343.857,347.857,0.0,106.143,107.0,864.286,187.571,85.143,1075.714
2021-08-29,5671.429,487.571,24333.0,573.286,2245.857,351.714,0.0,141.0,97.0,733.143,191.0,85.429,1211.857
2021-08-30,5560.429,476.571,23925.429,562.286,2147.0,353.286,0.0,152.429,88.143,1062.571,199.0,85.286,1117.286
2021-08-31,5362.143,451.143,23216.429,557.286,2054.857,363.857,0.0,148.857,79.571,842.857,216.714,92.429,984.714
2021-09-01,5124.143,419.571,22612.0,564.286,1990.286,359.286,0.143,151.0,71.143,707.857,228.714,98.0,954.714
2021-09-02,4810.714,403.714,22054.857,534.286,1992.286,431.0,0.143,155.286,72.714,849.857,241.857,115.143,1089.0
2021-09-03,4598.0,403.714,21461.714,509.286,1959.714,438.571,0.143,163.571,71.429,829.571,236.857,127.429,1089.0
2021-09-04,4421.0,386.714,21087.143,490.286,1953.714,388.286,0.143,189.714,69.0,978.143,264.429,133.571,875.429
2021-09-05,4324.429,374.857,21286.857,466.0,1913.0,384.571,0.143,169.571,68.571,1107.0,287.857,138.286,875.714
2021-09-06,4115.143,316.143,20911.286,456.571,1787.0,383.143,0.143,158.143,66.714,845.286,292.143,143.143,834.857
2021-09-07,3740.143,319.429,19019.571,445.143,1760.571,359.143,0.143,174.857,64.143,980.0,299.857,141.714,1115.0
2021-09-08,3483.429,311.143,17367.286,431.857,1730.714,376.429,0.0,143.143,64.0,1075.714,327.857,143.429,987.857
2021-09-09,3341.714,307.857,18195.857,421.143,1709.857,260.857,0.0,192.857,59.571,910.714,324.0,142.0,991.143
2021-09-10,3127.143,362.0,17174.571,423.429,1698.714,223.0,0.0,169.857,47.714,887.714,377.714,141.0,1171.571
2021-09-11,3028.429,307.857,16237.0,423.429,1656.857,213.571,0.0,212.429,51.857,885.0,363.0,143.571,1207.857
2021-09-12,2961.714,336.429,15551.286,425.714,1657.143,206.571,0.0,209.429,53.286,864.571,388.286,148.714,1071.429
2021-09-13,2733.714,336.429,15333.571,430.571,1684.286,201.714,0.0,227.0,59.714,835.714,425.143,156.143,1065.714
2021-09-14,2578.143,356.714,15328.857,434.429,1655.429,195.857,0.0,208.857,59.143,834.714,463.571,157.429,960.714
2021-09-15,2432.286,359.143,15199.429,441.0,1624.429,154.143,0.0,251.429,47.0,825.143,473.429,153.429,1083.286
2021-09-16,2265.429,302.571,15574.286,453.429,1578.857,165.429,0.0,218.571,55.857,841.0,518.286,148.714,928.286
2021-09-17,2192.857,343.857,18271.714,463.857,1546.286,209.143,0.0,253.0,55.857,724.857,523.429,148.429,1120.143
2021-09-18,2143.714,326.571,,480.571,1524.714,244.571,0.0,223.286,53.286,870.286,524.286,141.857,949.429
2021-09-19,2099.714,295.0,16493.429,485.429,1545.0,246.429,0.0,225.286,52.143,846.0,453.286,132.286,1069.143
2021-09-20,2080.429,335.857,16584.429,458.0,1526.571,246.429,0.0,226.286,46.429,899.143,514.571,124.429,1230.714
2021-09-21,1911.857,294.857,16842.857,456.286,1517.714,257.571,0.0,227.143,39.143,876.714,500.0,127.714,1055.571
2021-09-22,1843.857,278.857,19601.0,473.857,1519.286,246.857,0.0,236.286,47.0,873.571,508.714,130.286,1247.286
2021-09-23,1735.286,328.429,18096.714,512.714,1537.0,253.286,0.0,230.429,32.429,870.714,474.714,127.429,1095.286
2021-09-24,1669.714,270.714,15715.0,547.857,1559.571,219.0,0.0,232.0,36.429,999.143,454.429,123.429,890.286
2021-09-25,1604.286,262.857,17695.429,570.143,1571.714,218.429,0.0,223.143,28.429,834.571,451.714,124.143,1234.143
2021-09-26,1595.714,256.429,17649.857,611.571,1515.857,236.0,0.0,227.857,26.0,860.857,451.714,125.0,1114.429
2021-09-27,1506.571,259.429,17658.429,659.714,1491.571,243.571,0.0,221.857,23.286,814.571,412.286,118.286,1005.429
2021-09-28,1504.857,281.714,17873.286,681.286,1536.286,258.143,0.0,219.286,33.429,826.857,407.429,111.143,1412.571
2021-09-29,1428.0,300.857,15630.714,693.714,1520.714,289.286,0.0,207.429,32.571,839.714,378.571,107.714,1315.714
2021-09-30,1414.857,302.0,15207.0,693.571,1495.143,331.286,0.0,197.571,30.857,690.0,355.857,105.286,1500.857
2021-10-01,1374.143,318.286,15120.857,690.429,1518.714,363.857,0.0,194.143,26.857,844.143,288.857,101.714,1333.571
2021-10-02,1358.857,290.429,14909.857,699.857,1484.0,346.0,0.0,198.571,31.143,840.857,312.714,100.0,1189.714
2021-10-03,1333.714,326.286,14952.286,693.143,1482.714,328.429,0.0,190.714,31.143,843.571,339.571,97.571,1613.143
2021-10-04,1254.143,344.857,15262.714,698.857,1507.571,334.571,0.0,178.143,33.286,797.857,320.0,98.286,1433.143
2021-10-05,1167.143,342.714,16014.286,707.714,1439.714,297.0,0.0,191.714,23.143,847.143,246.714,94.714,1451.571
2021-10-06,1136.857,351.429,16251.571,719.714,1428.429,276.143,0.143,187.571,23.571,839.714,185.286,97.571,1451.571
2021-10-07,1057.571,300.714,15203.714,731.714,1463.857,217.429,0.143,192.571,20.857,971.571,306.286,104.714,1483.429
2021-10-08,941.714,314.143,15271.286,757.286,1426.714,154.286,0.143,160.0,29.143,814.143,343.571,113.143,1698.286
2021-10-09,882.286,372.714,15616.714,783.714,1439.571,139.0,0.143,181.286,24.857,777.429,310.429,115.857,1699.714
2021-10-10,874.429,365.143,15510.857,833.0,1454.571,145.0,0.143,173.286,24.0,754.857,283.571,121.857,1434.857
2021-10-11,793.714,357.857,14864.429,875.286,1440.286,139.571,0.143,180.714,22.429,819.571,227.143,122.143,1619.429
2021-10-12,772.0,364.857,12751.571,891.857,1420.857,107.714,0.143,160.286,26.143,743.714,308.143,124.429,1193.857
2021-10-13,776.286,372.429,11298.143,897.286,1401.286,211.429,0.143,146.0,23.429,723.286,410.857,127.0,1159.857
2021-10-14,814.0,372.429,11386.143,932.857,1359.857,189.571,0.143,136.714,26.857,751.714,298.0,130.571,1341.571
2021-10-15,900.429,446.857,10780.857,1025.0,1365.429,189.571,0.143,152.143,21.571,767.0,299.429,135.0,1312.714
2021-10-16,946.143,388.286,10060.429,1123.714,1359.286,237.0,0.143,113.714,21.571,796.571,291.857,140.0,1111.286
2021-10-17,956.0,417.0,9742.286,1188.143,1328.0,226.857,0.143,108.429,18.857,826.571,311.0,143.714,1340.857
2021-10-18,1026.857,430.429,10074.571,1240.286,1321.429,233.143,,109.429,47.857,817.143,384.286,150.286,1341.857
2021-10-19,1061.0,361.857,10914.286,1286.571,1303.857,288.0,0.286,112.143,48.286,830.857,344.429,160.571,1507.857
2021-10-20,1047.286,429.857,11962.286,1357.286,1299.286,151.571,0.143,107.571,48.286,851.286,269.286,161.143,1503.571
2021-10-21,1074.571,506.429,12212.857,1443.286,1315.143,232.857,0.143,95.429,49.286,691.0,259.429,160.714,1104.857
2021-10-22,1078.429,446.571,12084.286,1496.571,1333.143,288.0,0.143,91.0,51.0,825.857,249.0,161.143,1046.429
2021-10-23,1095.286,508.429,12390.571,1540.143,1349.714,250.571,0.143,87.857,51.0,848.0,237.857,159.143,1374.571
2021-10-24,1115.286,466.429,12155.0,1582.571,1359.714,292.714,0.143,87.429,54.143,835.714,238.714,157.714,1107.0
2021-10-25,1160.286,397.857,11941.857,1626.571,1430.143,283.286,,84.286,28.714,837.571,191.143,164.571,1028.286
2021-10-26,1176.286,476.571,11957.857,1658.571,1498.143,224.571,0.143,80.286,33.286,840.143,180.571,175.286,862.286
2021-10-27,1214.429,526.857,12160.143,1727.429,1563.286,297.143,0.143,75.143,39.857,833.286,170.429,193.857,847.143
2021-10-28,1221.286,450.286,11688.714,1776.429,1599.286,253.429,0.143,78.571,42.571,975.857,158.286,205.571,977.286
2021-10-29,1219.571,454.857,11586.286,1816.0,1575.286,269.857,0.143,81.0,37.857,820.571,146.286,223.429,1002.429
2021-10-30,1205.857,553.571,11315.857,1837.143,1570.857,270.143,0.143,81.571,42.143,829.571,140.857,241.286,938.857
2021-10-31,1207.0,523.571,11543.571,1888.571,1619.571,236.571,0.143,68.714,43.571,848.143,128.714,250.143,948.571
2021-11-01,1194.286,555.857,11086.286,1905.0,1627.286,359.429,0.143,79.0,47.429,847.143,97.857,247.714,943.857
2021-11-02,1183.571,477.143,10025.286,1931.286,1626.857,366.286,0.0,78.429,45.286,733.857,81.571,237.571,1066.857
2021-11-03,1152.0,403.571,9909.0,1872.714,1629.286,301.0,0.0,78.286,41.429,753.143,83.857,223.429,1041.143
2021-11-04,1130.714,502.714,9846.286,1837.429,1651.857,308.429,0.0,82.714,40.143,769.714,82.429,220.0,1047.143
2021-11-05,1116.143,681.286,9891.571,1870.143,1704.857,292.0,0.0,78.429,47.286,801.429,71.571,208.571,1026.714
2021-11-06,1132.714,520.714,10057.429,1963.571,1757.714,312.0,0.0,75.857,43.0,806.857,77.143,197.286,890.429
2021-11-07,1139.143,616.857,9990.429,2020.143,1807.857,303.429,0.429,75.857,43.857,822.0,75.857,195.571,854.857
2021-11-08,1160.571,636.571,10312.571,2093.714,1854.571,186.714,1.286,85.714,46.714,814.429,83.286,193.857,907.714
2021-11-09,1161.857,722.857,11154.286,2151.571,1965.143,191.0,1.286,76.857,40.143,814.429,99.0,194.571,784.714
2021-11-10,1205.143,712.857,10964.286,2275.0,2074.286,241.857,1.429,91.286,40.286,974.143,92.143,194.571,927.857
2021-11-11,1208.0,877.857,11291.571,2395.571,2179.429,,1.429,86.286,49.857,991.714,77.143,183.571,791.714
2021-11-12,1257.0,757.286,11520.286,2457.0,2262.857,387.286,1.429,94.143,49.857,1004.0,78.571,180.143,917.714
2021-11-13,1280.429,757.286,11261.0,2443.714,2336.286,388.429,1.429,94.571,49.857,998.857,72.714,186.143,918.286
2021-11-14,1280.143,797.571,11066.857,2469.0,2414.714,401.857,1.0,105.429,44.429,999.0,70.857,182.429,944.286
2021-11-15,1298.571,856.429,10475.714,2475.0,2472.429,395.714,0.143,87.857,84.286,1069.0,68.0,181.0,897.143
2021-11-16,1337.571,902.429,9726.857,2466.857,2447.0,462.714,0.143,94.143,92.286,1277.429,51.143,182.571,897.143
2021-11-17,1335.571,948.143,9460.0,2460.571,2417.857,460.429,0.0,80.0,91.857,1153.286,48.571,191.143,862.714
2021-11-18,1377.714,837.429,8869.143,2443.143,2343.143,542.143,0.0,79.571,81.714,1178.714,64.857,193.429,862.714
2021-11-19,1364.0,692.857,8551.143,2408.571,2285.714,366.857,0.0,76.0,82.0,1234.286,58.0,196.286,805.0
2021-11-20,1364.429,839.571,8387.857,2395.429,2296.714,359.0,0.0,63.286,82.0,1333.0,56.714,187.143,791.571
2021-11-21,1372.286,798.571,8500.143,2380.714,2302.286,365.857,0.0,72.571,82.0,1400.143,56.0,185.143,781.143
2021-11-22,1261.429,872.571,8699.857,2362.571,2284.143,369.571,0.0,69.143,46.857,1392.0,64.714,187.571,787.714
2021-11-23,1264.571,891.571,9538.714,2372.714,2349.429,356.143,0.0,75.571,47.143,1403.429,51.571,189.286,787.714
2021-11-24,1361.857,731.714,9416.143,2360.429,2387.0,373.571,0.0,75.0,49.143,1430.0,55.286,184.714,652.857
2021-11-25,1434.0,910.857,9542.0,2368.857,2461.714,353.571,0.0,74.714,55.286,1446.286,42.857,194.0,889.143
2021-11-26,1490.286,1105.0,9328.571,2365.429,2533.571,327.143,0.0,68.429,58.143,1431.571,50.571,191.571,818.143
2021-11-27,1551.143,958.286,9342.0,2368.714,2537.857,343.429,0.0,74.714,58.143,1410.0,47.286,209.857,800.714
2021-11-28,1585.714,1056.714,9120.286,2324.0,2473.143,349.571,0.0,64.0,58.143,1390.143,46.0,215.286,783.286
2021-11-29,1775.286,871.857,9170.0,2294.286,2441.857,348.286,0.0,67.0,95.714,1407.571,41.714,216.286,754.571
2021-11-30,1873.571,875.857,8862.143,2240.857,2415.857,349.714,0.0,61.286,95.571,1385.0,45.286,211.714,754.571
2021-12-01,1823.143,1031.286,8866.143,2167.857,2366.286,327.143,0.571,61.0,95.429,1375.714,36.143,218.571,816.429
2021-12-02,1883.286,858.0,8815.857,2103.429,2311.714,324.429,0.571,59.143,95.143,1382.857,39.0,228.429,679.286
2021-12-03,1950.429,822.0,8779.143,2020.143,2260.143,350.429,0.571,57.857,84.857,1407.429,35.714,236.0,614.286
2021-12-04,1974.571,1106.286,8650.286,1934.714,2258.571,365.571,0.571,58.714,93.571,1413.857,36.0,234.286,583.857
2021-12-05,2032.571,988.286,8815.571,1877.429,2241.571,364.143,0.571,55.286,93.571,1334.286,35.571,225.286,603.143
2021-12-06,2105.286,1170.571,9033.857,1811.857,2202.0,369.429,0.571,56.0,60.857,1206.429,32.714,228.429,517.429
2021-12-07,2213.429,1228.0,9012.571,1780.143,2117.429,399.0,0.571,55.286,60.143,1468.857,29.143,235.0,595.0
2021-12-08,2213.429,1072.571,8705.429,1760.714,2080.571,453.857,0.0,54.571,51.143,1255.857,28.714,239.143,473.0
2021-12-09,2222.429,1161.429,8251.429,1696.714,1989.857,529.429,0.0,53.571,54.429,1464.286,31.429,231.714,484.857
2021-12-10,2392.571,1252.714,7743.286,1398.0,1902.429,548.571,0.0,55.0,64.429,1428.571,29.571,229.571,493.286
2021-12-11,2500.429,1236.714,7068.571,1515.286,1788.714,573.714,0.0,47.857,55.714,1457.143,24.857,223.143,536.286
2021-12-12,2539.857,1388.286,6628.857,1465.286,1781.429,586.857,0.0,56.286,55.714,1565.429,27.571,226.286,537.857
2021-12-13,2687.714,1206.0,6165.0,1445.286,1865.571,590.286,0.0,48.143,57.286,1565.429,21.429,200.857,537.857
2021-12-14,2897.143,1263.429,5342.571,1416.0,1887.714,578.571,0.0,51.0,63.857,1240.714,33.857,234.0,518.286
2021-12-15,3316.857,1515.714,4620.571,1369.286,1909.286,556.0,0.0,50.143,75.0,1451.857,34.286,236.143,517.0
2021-12-16,3682.143,1524.714,3893.143,1329.429,1922.571,515.286,0.0,46.571,60.571,1255.0,24.857,240.714,476.143
2021-12-17,3978.571,1578.0,3507.143,1534.143,1939.143,528.429,0.0,42.571,63.714,1307.571,27.714,250.0,469.286
2021-12-18,4224.0,1763.143,3463.857,1328.143,1968.143,512.286,0.0,52.0,63.714,1556.143,34.143,267.429,413.857
2021-12-19,4464.571,1662.714,3441.429,1281.714,1969.857,510.714,0.0,45.143,63.714,1563.857,30.571,278.714,411.286
2021-12-20,4725.286,1662.714,3422.714,1248.143,1885.857,518.857,0.0,48.143,125.0,1563.857,30.571,330.286,411.286
2021-12-21,5408.286,1995.429,3330.571,1237.429,1872.571,577.429,0.0,44.0,123.857,1771.0,29.857,322.571,406.857
2021-12-22,6308.571,1743.143,3066.0,1223.714,1853.286,611.429,0.0,40.286,112.714,1814.429,27.857,341.143,390.571
2021-12-23,7473.571,1758.714,3082.143,1222.286,1961.143,672.571,0.0,38.571,146.286,1870.429,31.286,363.571,356.571
2021-12-24,8992.286,2080.429,2984.571,1217.429,2140.714,748.429,0.0,41.571,133.143,1815.0,28.857,405.714,371.571
2021-12-25,9423.714,1627.0,3169.286,1228.714,2340.429,758.0,0.0,38.429,133.143,2152.571,24.571,406.286,316.429
2021-12-26,10047.857,1693.571,3670.857,1214.857,2481.0,758.429,0.0,33.857,133.143,1997.0,23.143,417.286,252.857
2021-12-27,12180.143,1865.857,4287.0,1161.571,2707.0,820.0,0.0,32.571,123.0,2291.714,38.143,451.429,252.857
2021-12-28,15689.571,1674.714,5046.714,1144.143,3069.857,840.714,0.0,32.143,110.143,2251.286,41.857,522.571,292.286
2021-12-29,20105.429,2379.571,5980.286,1163.0,3697.714,966.143,0.0,38.857,147.286,2571.0,73.286,661.429,257.857
2021-12-30,25398.286,2985.286,7243.714,1207.143,4549.286,1009.143,0.0,56.714,153.286,2957.857,103.857,790.143,282.857
2021-12-31,29881.714,3500.857,8173.714,1266.143,5598.0,1150.0,0.0,75.857,153.286,3420.857,126.143,949.143,233.714
2022-01-01,31715.571,3500.857,8189.143,1324.714,6883.857,1362.571,0.0,99.0,153.286,3195.714,147.714,1027.857,261.286
2022-01-02,33555.429,4918.429,7737.286,1431.714,8069.0,1426.143,0.0,136.143,153.286,3339.857,188.143,1124.0,234.286
2022-01-03,37003.0,6357.714,8409.0,1466.286,9007.143,1463.0,0.0,147.857,565.571,3330.286,279.571,1284.143,250.0
2022-01-04,43761.286,5946.0,9854.571,1507.571,10156.714,1476.143,0.0,212.571,699.429,3768.857,381.286,1602.0,198.0
2022-01-05,51350.857,6561.429,11724.714,1613.857,11575.714,1639.0,0.143,311.429,801.429,4435.571,477.857,2160.714,242.429
2022-01-06,59794.0,7149.143,15040.143,1802.571,13661.857,1823.429,0.286,427.143,938.857,5351.857,538.857,2757.143,181.286
2022-01-07,68775.429,7580.857,22626.143,2082.429,15917.429,1695.286,0.286,522.286,938.857,6531.286,620.857,3382.714,198.714
2022-01-08,80442.429,10297.0,29129.143,2431.286,18596.714,1802.571,0.286,638.0,938.857,8215.429,675.286,4163.143,228.429
2022-01-09,87987.714,9447.857,33108.0,2733.571,21355.571,2144.0,0.286,691.714,938.857,10447.857,687.143,4881.857,330.857
2022-01-10,94267.143,9101.571,36289.0,3168.714,23820.857,2283.286,0.286,740.857,880.429,11945.0,724.857,5601.286,315.143
2022-01-11,101871.286,10703.429,44015.286,3577.429,25352.429,3441.286,0.286,766.571,746.571,14674.429,759.429,6178.429,356.571
2022-01-12,107003.143,11392.143,53304.0,4004.286,27295.0,4514.0,0.143,798.143,607.429,17400.857,778.143,6820.571,578.571
2022-01-13,109688.0,9926.0,62178.143,4595.0,28329.857,4816.286,0.0,829.429,430.429,20570.286,809.571,7551.714,578.571
2022-01-14,113876.571,10377.143,69009.571,5241.857,29577.429,5951.0,0.0,832.429,430.429,24319.857,848.857,7652.0,914.857
2022-01-15,113157.0,7661.0,68903.714,5954.857,30206.714,7113.429,0.0,839.429,430.429,29121.286,872.0,8118.714,857.571
2022-01-16,112003.0,10272.0,69420.714,6739.0,30447.714,8246.714,0.0,900.143,430.429,32901.857,881.857,9059.857,1105.0
2022-01-17,114018.143,9758.857,75200.714,7437.429,30043.0,8617.571,0.0,965.0,3643.286,34791.0,938.286,9234.714,1336.143
2022-01-18,112095.714,9450.857,84784.571,7960.714,30868.0,8658.571,0.0,1024.714,4099.143,36521.0,979.571,9727.857,1253.714
2022-01-19,111701.286,8989.714,100165.714,8634.143,30546.0,8669.429,0.0,988.0,4872.714,40402.429,992.143,9998.0,1618.429
2022-01-20,111888.0,11969.714,110428.714,9579.571,30577.857,9197.286,0.0,935.0,5838.429,43762.857,978.857,10334.714,1916.429
2022-01-21,108790.571,11316.857,119030.0,10920.0,30023.0,8817.429,0.143,938.857,5838.429,46675.714,934.429,11201.571,1861.857
2022-01-22,109004.0,11316.857,135679.714,11796.286,28944.714,8704.429,0.143,923.429,5838.429,47383.0,899.714,11399.857,2204.857
2022-01-23,109667.286,7943.857,148468.143,12683.286,28054.714,8046.143,0.143,860.571,5838.429,48575.0,885.143,10879.143,2077.571
2022-01-24,106190.571,9464.0,150360.429,14092.857,27618.571,7794.429,0.143,757.857,5885.571,49204.857,807.857,11174.0,1846.429
2022-01-25,103316.429,9262.857,158924.429,15461.571,26284.714,7537.571,0.143,656.286,6267.429,50361.714,713.714,11190.429,2106.857
2022-01-26,97628.143,8706.143,162100.143,16775.0,24897.0,6864.571,0.143,610.714,6341.0,49598.714,617.143,11183.857,2010.857
2022-01-27,90202.429,6667.143,170659.571,18478.857,23062.286,7025.571,0.571,552.571,6193.0,48621.714,569.714,10693.714,1982.429
2022-01-28,82447.143,5297.143,183443.143,20214.143,21620.429,7488.714,0.429,425.143,6973.286,45887.571,524.0,10799.143,1935.429
2022-01-29,74423.143,6071.857,189227.0,22562.429,20252.286,7281.857,0.429,409.286,7702.0,43181.857,488.714,10541.0,1930.143
2022-01-30,67521.143,6800.429,186606.0,24621.429,18828.286,6911.143,0.429,368.0,7702.0,39750.714,441.143,10349.429,2065.0
2022-01-31,62571.286,5017.429,188785.429,25970.571,17980.429,6852.857,0.429,355.571,5896.286,37611.143,404.571,9912.143,2344.0
2022-02-01,55179.714,4471.143,184637.0,27030.714,17257.857,6771.286,0.429,333.857,5866.571,31254.571,332.429,10013.286,2083.571
2022-02-02,48975.0,4072.143,180093.143,28742.0,16860.857,6887.143,0.429,312.714,5749.714,30827.714,340.286,9863.286,1805.714
2022-02-03,43933.286,3616.286,188299.857,30304.429,16275.857,6487.286,0.0,296.0,5466.286,26898.857,330.0,9927.429,1999.143
2022-02-04,40534.714,3616.286,182264.714,31572.714,15196.429,6319.429,0.286,357.714,4686.0,24365.429,329.857,9463.286,1952.429
2022-02-05,37657.286,3509.857,175478.286,32488.857,14356.0,5780.286,0.286,279.143,4933.714,21830.0,320.0,9442.143,1922.857
2022-02-06,36385.0,2781.286,169393.143,33441.429,13532.714,5627.0,0.286,256.714,5354.0,19869.0,338.429,9228.714,1751.714
2022-02-07,33804.143,2743.0,164640.571,34241.143,12646.429,5301.571,0.286,246.714,3792.143,19051.0,302.857,9226.429,1472.714
2022-02-08,31471.0,2196.571,165530.857,34469.143,11971.571,4264.571,0.286,232.143,3367.857,20715.429,326.143,8796.571,1714.714
2022-02-09,28925.571,2178.143,164595.571,34974.571,11068.0,3332.857,0.286,216.571,3068.714,15926.571,289.714,8436.857,1680.286
2022-02-10,26450.286,1693.0,146808.0,35166.143,10311.0,4119.286,0.286,197.857,2949.286,14644.0,263.571,8265.0,1510.0
2022-02-11,23080.143,1974.286,138983.143,35586.714,9172.571,2878.429,1.0,149.714,3219.714,13372.0,232.0,7869.429,1272.571
2022-02-12,21578.143,1557.143,135677.143,35414.286,8316.143,2153.143,1.0,107.429,2243.286,12350.714,224.714,7544.143,1189.571
2022-02-13,20667.429,1661.857,135215.0,35656.286,7627.0,1760.143,1.0,79.429,2361.143,11741.571,215.0,7349.714,1205.143
2022-02-14,18902.286,1442.571,133750.429,35291.571,6781.571,4284.429,1.0,92.714,2306.857,10973.857,187.714,7078.0,1380.571
2022-02-15,16871.286,1600.286,126281.571,35121.0,5924.571,4453.0,1.429,89.429,2240.143,10320.429,156.429,6746.0,1285.714
2022-02-16,15411.571,1166.714,121011.714,34822.286,5261.286,4453.0,2.0,80.571,2115.286,9810.286,136.0,6537.429,1215.0
2022-02-17,14203.0,1166.714,114938.429,34769.143,4653.286,3922.143,2.0,68.0,1947.0,9109.143,120.857,6066.714,1054.571
2022-02-18,14043.857,1040.571,110414.571,33948.429,4453.143,3922.143,1.0,61.286,1860.714,8122.571,108.286,6007.429,1194.429
2022-02-19,13541.714,913.571,106154.429,33758.857,4156.857,3922.143,1.0,68.857,2010.286,7890.714,101.571,5658.571,1055.857
2022-02-20,13279.0,875.571,103610.857,32850.714,3849.571,3922.143,1.0,71.429,1472.143,7189.857,97.143,5459.143,833.429
2022-02-21,13010.429,773.714,100884.429,31963.143,3813.571,2963.714,1.0,57.571,1452.143,6883.429,86.714,5260.429,732.286
2022-02-22,12778.571,714.857,97783.286,31177.0,3591.143,2888.714,0.571,55.143,1235.857,6298.714,78.0,5015.429,685.0
2022-02-23,12140.0,680.286,96191.429,30182.429,3311.0,2888.714,0.0,44.857,1062.143,5369.0,69.286,4642.571,645.429
2022-02-24,11232.571,680.286,92730.857,29477.571,3059.0,2690.714,0.571,37.286,947.714,4444.286,66.714,4445.286,568.429
2022-02-25,10389.429,623.143,86776.143,28916.429,2793.143,2690.714,0.571,38.714,763.571,3841.429,62.286,3904.857,497.143
2022-02-26,10073.429,572.0,81740.714,28054.857,2447.429,2690.714,0.571,36.143,614.0,3059.429,58.0,3710.571,537.429
2022-02-27,9953.429,530.286,79802.0,27145.429,2237.0,2690.714,0.571,33.571,934.429,2893.571,58.143,3543.857,537.429
2022-02-28,8854.571,425.0,76873.286,26366.286,2090.143,1124.857,0.714,36.143,685.857,2766.286,58.0,3297.571,578.714
2022-03-01,6936.0,342.857,65271.286,23584.0,1953.571,1031.286,0.714,28.571,708.429,2548.714,59.143,2945.143,478.857
2022-03-02,6304.143,274.857,50451.286,25282.714,1816.571,1821.429,1.143,27.429,631.429,2387.429,59.714,2722.0,431.714
2022-03-03,6150.0,335.571,45348.143,24129.571,1645.429,1208.0,0.714,29.143,557.714,2344.143,54.0,2442.857,428.0
2022-03-04,5989.286,237.571,42625.857,23080.143,1530.0,1208.0,0.857,24.0,609.143,2266.0,54.857,2270.714,401.286
2022-03-05,5822.857,214.714,41606.857,21815.0,1403.286,1208.0,0.857,21.286,648.714,1933.714,56.429,2118.429,323.286
2022-03-06,5632.0,267.857,39961.571,21006.857,1286.143,1208.0,0.857,23.429,365.429,1612.143,55.429,1980.571,357.429
2022-03-07,6033.143,243.286,40180.0,20220.429,1153.286,1973.571,0.714,20.143,411.143,1539.714,51.857,1917.286,241.857
2022-03-08,6455.143,273.143,47638.286,21901.0,1087.857,1973.571,0.857,18.571,346.429,1459.714,47.0,1890.714,263.143
2022-03-09,6163.0,362.857,50229.429,18954.714,1018.857,1495.571,0.429,17.0,349.571,1342.857,43.0,1756.714,226.0
2022-03-10,5722.714,363.429,50362.0,18155.429,971.429,1077.714,0.286,15.0,343.0,1227.286,44.429,1659.0,253.857
2022-03-11,5330.286,414.0,47882.286,17375.429,890.143,1077.714,0.429,11.857,330.429,1454.714,40.857,1558.857,212.0
2022-03-12,5124.0,400.0,45746.286,16877.286,816.714,1077.714,0.429,12.429,307.0,1398.0,38.143,1456.429,203.0
2022-03-13,4975.714,341.571,45472.571,16185.571,730.714,1077.714,0.429,12.714,286.286,1278.143,36.0,1428.714,227.571
2022-03-14,4741.571,341.571,44787.714,15811.429,661.714,1115.857,0.429,12.143,265.0,1257.714,30.571,1394.429,227.571
2022-03-15,4541.857,363.714,41245.857,15571.143,635.0,1160.571,0.286,11.571,239.143,1221.286,29.286,1378.143,213.429
2022-03-16,4339.714,307.0,41525.143,15117.286,618.857,848.429,0.429,11.286,210.714,1207.0,29.429,1398.143,270.714
2022-03-17,4116.857,313.857,39086.286,14767.0,622.429,848.429,0.429,9.714,178.143,1189.286,26.857,1488.286,191.286
2022-03-18,5374.143,346.571,38796.0,14234.571,605.714,848.429,0.143,9.714,169.714,774.429,25.143,1540.714,217.857
2022-03-19,5190.0,310.429,37630.143,13600.714,608.0,848.429,0.143,8.0,171.429,723.857,24.857,1577.0,203.0
2022-03-20,5188.714,315.429,37568.714,13033.0,616.0,1441.429,0.143,7.143,173.714,700.143,26.143,1562.429,180.0
2022-03-21,5041.143,358.571,36962.429,12557.571,621.571,695.143,0.143,6.857,173.429,736.0,33.143,1536.571,187.714
2022-03-22,4986.0,289.857,35800.286,11888.0,581.714,650.429,0.143,6.429,163.571,730.571,32.429,1497.286,191.0
2022-03-23,4832.0,256.571,35655.0,11339.286,534.143,650.429,0.0,5.571,149.0,675.143,34.286,1523.714,105.429
2022-03-24,4403.857,230.857,34679.714,10412.571,478.0,802.143,0.0,4.714,148.857,627.143,31.286,1438.714,116.143
2022-03-25,2711.857,188.714,32138.429,9457.714,435.286,1085.714,0.0,6.857,131.286,604.286,31.0,1348.714,113.286
2022-03-26,2675.857,226.286,30666.857,8762.429,386.0,1085.714,0.0,7.0,124.0,581.286,31.714,1278.571,93.857
2022-03-27,2617.429,238.571,30275.143,8159.429,358.857,492.714,0.0,5.714,115.286,572.286,29.857,1252.571,63.286
2022-03-28,2480.429,226.857,29651.286,7702.143,328.571,435.286,0.0,5.714,97.429,519.143,21.143,1191.714,63.571
2022-03-29,2300.714,250.429,27935.714,7422.714,329.571,707.857,0.571,5.286,74.571,497.286,19.0,1173.857,53.143
2022-03-30,2209.571,240.429,26034.571,6919.429,332.143,805.429,0.571,5.429,58.857,502.429,14.571,1058.571,82.286
2022-03-31,2381.571,198.0,25157.429,6398.429,334.143,653.714,0.571,6.429,39.714,476.429,15.571,969.0,71.571
2022-04-01,2289.429,210.143,24106.286,6000.857,332.429,370.143,0.714,5.0,84.429,466.857,13.714,894.286,65.571
2022-04-02,2197.571,191.429,22353.143,5593.857,332.429,370.143,0.714,5.0,73.857,460.857,11.286,825.429,90.143
2022-04-03,2149.857,161.429,21863.571,5222.714,326.143,370.143,0.714,5.429,63.857,450.857,11.0,776.0,104.286
2022-04-04,2052.571,130.0,22530.857,4979.0,327.714,717.429,0.714,5.429,57.571,441.286,9.0,771.143,105.143
2022-04-05,1880.571,142.429,22154.429,4780.429,320.571,444.857,0.286,6.286,57.571,420.714,7.571,714.286,123.0
2022-04-06,1754.429,115.143,21212.857,4494.857,322.857,347.286,0.714,6.857,57.571,402.143,5.571,681.714,104.571
2022-04-07,1619.857,159.857,20522.571,4247.714,315.286,501.143,0.714,7.429,57.571,445.0,2.857,645.571,116.143
2022-04-08,1629.286,106.571,21003.857,3981.286,310.429,501.143,0.571,7.429,13.286,455.0,1.714,624.286,118.286
2022-04-09,1634.714,122.571,21599.143,3768.714,302.714,501.143,0.571,6.857,13.286,451.0,1.714,634.714,95.0
2022-04-10,1630.286,115.571,21599.143,3623.857,301.143,501.143,0.571,7.714,13.286,425.857,1.286,628.0,89.714
2022-04-11,1575.429,140.0,20936.0,3482.571,300.286,420.286,0.714,7.571,13.286,440.429,0.714,589.571,80.857
2022-04-12,1553.857,119.286,20287.714,3416.571,305.0,420.286,0.857,8.143,13.286,491.286,5.0,521.429,73.714
2022-04-13,1502.143,132.571,20262.857,3273.0,300.143,466.286,0.429,7.857,13.286,528.429,5.0,454.857,87.0
2022-04-14,1443.0,102.0,19813.714,3107.429,293.286,312.429,0.429,7.571,13.286,538.0,5.0,398.0,99.143
2022-04-15,1243.0,102.0,17394.571,3008.857,276.857,312.429,0.429,7.714,0.0,554.0,5.0,348.857,88.714
2022-04-16,1201.714,83.143,14758.286,2867.143,257.571,312.429,0.429,7.571,0.0,556.286,5.0,288.143,94.429
2022-04-17,1198.143,86.0,14091.286,2605.429,232.571,312.429,0.429,6.0,0.0,599.857,5.0,266.571,81.571
2022-04-18,971.0,61.571,14168.429,2462.571,208.0,231.571,0.286,6.429,0.0,654.857,5.0,215.429,82.571
2022-04-19,674.286,63.571,12990.429,2395.857,197.0,237.429,0.0,5.714,33.714,667.429,3.714,163.571,72.714
2022-04-20,428.571,64.143,14433.571,2390.571,190.571,191.429,0.714,5.714,33.714,665.571,3.714,113.0,48.857
2022-04-21,224.571,62.286,13800.714,2345.857,192.0,226.429,2.857,5.857,33.714,658.143,3.714,76.429,25.143
2022-04-22,139.857,74.0,13056.429,2278.143,203.143,226.429,3.0,6.143,84.0,667.714,3.714,46.286,20.286
2022-04-23,61.143,58.0,13675.857,2262.429,222.0,352.571,3.0,6.429,84.0,708.0,3.714,26.143,12.429
2022-04-24,0.0,76.857,13835.0,2319.286,240.143,352.571,3.0,6.857,84.0,733.857,3.714,0.0,19.143
2022-04-25,1615.286,81.571,13547.286,2349.714,251.429,200.143,3.0,7.0,84.0,756.143,3.714,0.0,26.429
2022-04-26,1615.286,89.714,14691.714,2382.571,250.714,194.286,5.286,5.714,50.286,737.286,4.857,0.0,26.857
2022-04-27,1615.286,90.286,12433.571,2264.143,244.714,194.286,4.571,8.286,50.286,754.571,4.857,0.0,29.571
2022-04-28,1615.286,78.0,12613.0,2159.0,235.286,279.143,3.714,8.286,50.286,759.429,4.857,0.0,29.571
2022-04-29,1615.286,84.143,13477.857,2077.286,228.571,279.143,3.571,7.143,60.143,745.0,4.857,298.857,31.0
2022-04-30,1615.286,97.143,14632.571,2024.0,224.714,234.714,3.571,8.571,60.143,736.857,4.857,298.857,29.143
2022-05-01,3250.0,89.714,15005.143,2074.714,189.143,234.714,3.571,9.429,60.143,709.0,4.857,298.857,36.857
2022-05-02,1634.714,85.0,15011.143,2077.714,159.429,201.571,4.143,9.143,60.143,692.286,4.857,298.857,28.571
2022-05-03,1634.714,62.857,14909.714,2046.143,130.571,201.571,1.857,10.143,60.143,695.857,8.143,564.0,38.714
2022-05-04,1634.714,56.0,14785.286,2114.286,101.143,238.714,4.143,10.143,60.143,673.143,8.143,564.0,43.0
2022-05-05,1634.714,64.857,15037.571,2219.429,211.143,200.286,2.857,10.857,60.143,680.429,8.143,564.0,46.286
2022-05-06,1634.714,67.429,15838.0,2354.857,177.429,200.286,30.714,10.857,37.571,638.286,8.143,265.143,45.714
2022-05-07,1634.714,64.857,15756.286,2501.143,139.714,118.571,30.714,13.857,37.571,581.857,8.143,265.143,49.571
2022-05-08,2520.857,54.143,15719.571,2160.429,139.714,118.571,30.714,14.429,37.571,563.286,8.143,265.143,45.0
2022-05-09,2520.857,54.143,16178.286,2693.286,139.714,190.429,30.143,14.571,37.571,507.429,8.143,265.143,45.0
2022-05-10,2520.857,61.857,15994.143,2796.714,139.714,192.857,30.143,13.571,37.571,452.571,87.857,402.429,33.571
2022-05-11,2520.857,95.714,16469.286,2905.571,139.714,155.714,27.857,23.714,37.571,419.714,87.857,402.429,39.429
2022-05-12,2520.857,86.857,16421.0,3086.429,238.714,74.286,132.714,29.0,37.571,352.714,87.857,402.429,36.143
2022-05-13,2520.857,91.286,17261.571,3307.286,238.714,248.857,104.857,34.143,0.0,355.714,87.857,402.429,42.286
2022-05-14,2520.857,102.571,17652.0,3536.714,238.714,248.857,104.857,33.429,0.0,370.429,87.857,402.429,35.571
2022-05-15,4855.571,99.0,17693.429,4197.571,238.714,248.857,104.857,38.0,0.0,377.286,87.857,402.429,38.714
2022-05-16,4855.571,125.714,18236.429,3994.857,238.714,216.143,104.857,39.286,30.143,,87.857,402.429,44.286
2022-05-17,4855.571,133.143,15358.857,4083.714,238.714,213.714,104.857,48.571,30.143,485.714,33.143,791.143,44.286
2022-05-18,4855.571,91.714,12016.286,4346.857,238.714,213.714,104.857,48.0,30.143,834.857,33.143,791.143,39.857
2022-05-19,4855.571,131.857,8967.143,4684.571,542.143,366.143,55.143,49.429,30.143,,33.143,791.143,47.714
2022-05-20,4855.571,145.571,13953.429,4967.571,542.143,191.571,55.143,57.429,80.714,,33.143,791.143,45.286
2022-05-21,4855.571,154.0,11474.143,5156.714,542.143,191.571,55.143,60.571,80.714,,33.143,791.143,49.286
2022-05-22,6212.429,154.0,14690.0,5373.429,542.143,333.0,55.143,61.0,80.714,,33.143,791.143,46.143
2022-05-23,6212.429,139.143,14585.0,5431.857,542.143,311.0,55.143,62.286,50.571,907.0,33.143,791.143,45.429
2022-05-24,6212.429,186.429,19273.571,5609.0,542.143,315.429,68.857,59.429,50.571,766.286,25.143,1187.143,50.286
2022-05-25,6212.429,186.429,21327.286,5748.286,542.143,315.429,80.143,59.286,50.571,437.0,25.143,1187.143,41.714
2022-05-26,6212.429,173.571,25516.0,5996.143,620.571,342.857,25.0,58.571,50.571,532.143,25.143,1187.143,38.571
2022-05-27,6212.429,195.714,22676.0,6334.857,620.571,342.857,25.0,49.571,54.0,498.286,25.143,1187.143,43.143
2022-05-28,6212.429,185.857,26138.714,6798.857,620.571,436.571,25.0,41.857,54.0,606.143,25.143,1187.143,46.714
2022-05-29,7396.857,205.0,23194.143,7157.857,620.571,295.143,25.0,48.714,54.0,572.714,25.143,1187.143,39.286
2022-05-30,7396.857,222.143,24809.429,7329.429,620.571,366.143,25.0,47.286,54.0,576.857,25.143,1187.143,34.429
2022-05-31,7396.857,156.429,26031.857,7409.286,620.571,361.714,11.286,60.143,54.0,617.143,18.714,1341.286,34.714
2022-06-01,7396.857,229.286,29832.286,7619.0,620.571,492.286,4.286,76.286,54.0,611.857,18.714,1341.286,42.714
2022-06-02,7396.857,202.0,31539.714,7781.714,807.143,312.429,4.286,83.286,54.0,671.0,18.714,1341.286,38.0
2022-06-03,7396.857,219.429,30904.857,7831.571,807.143,312.429,4.286,89.571,0.0,719.857,18.714,1341.286,32.714
2022-06-04,7396.857,199.143,27442.143,7887.286,807.143,218.714,4.286,103.143,86.714,674.571,18.714,1341.286,34.286
2022-06-05,6577.857,210.714,26271.429,7911.143,807.143,218.714,4.286,93.571,86.714,761.429,18.714,1341.286,40.429
2022-06-06,6577.857,236.286,31065.286,8221.857,807.143,1148.0,4.286,95.143,86.714,774.286,18.714,1341.286,45.571
2022-06-07,6577.857,281.429,35303.571,8278.571,807.143,1148.0,4.286,94.143,86.714,754.571,18.0,1312.0,45.0
2022-06-08,6577.857,259.429,36537.143,8712.571,807.143,1146.714,2.286,84.429,86.714,802.571,18.0,1312.0,37.0
2022-06-09,6577.857,323.286,37080.0,9087.286,1248.857,1326.0,2.286,91.286,86.714,757.429,18.0,1312.0,53.571
2022-06-10,6577.857,245.143,39980.286,9571.857,1248.857,1326.0,2.286,93.0,197.571,756.286,18.0,1312.0,54.714
2022-06-11,6577.857,336.143,43951.143,9882.0,1248.857,1326.0,2.286,88.0,110.857,789.429,18.0,1312.0,45.571
2022-06-12,0.0,334.143,45626.571,10198.571,1248.857,1326.0,2.286,88.571,110.857,785.857,18.0,1312.0,55.714
2022-06-13,0.0,336.143,43131.429,10414.143,1248.857,790.571,2.286,90.286,110.857,864.143,18.0,2585.714,54.857
2022-06-14,5262.143,361.429,39330.857,10447.0,1248.857,790.571,2.286,83.857,110.857,931.857,13.286,1273.714,50.286
2022-06-15,5262.143,383.714,42284.571,10451.286,1248.857,850.429,3.286,81.286,110.857,926.143,13.286,1273.714,57.286
2022-06-16,5262.143,373.857,35845.571,10528.286,1972.857,671.143,3.286,83.714,110.857,1010.143,13.286,1273.714,57.571
2022-06-17,5262.143,456.0,27775.429,10548.286,1972.857,1286.429,3.286,83.714,197.714,1097.143,13.286,1273.714,80.857
2022-06-18,5262.143,365.0,23804.571,10493.571,1972.857,1286.429,3.286,85.286,197.714,1154.857,13.286,1273.714,95.857
2022-06-19,9267.714,432.429,22129.143,10531.0,1972.857,1286.429,3.286,85.571,197.714,1231.286,13.286,1273.714,88.571
2022-06-20,9267.714,460.429,36775.286,10299.429,1972.857,804.429,3.286,82.857,197.714,1311.0,13.286,1153.0,93.857
2022-06-21,4005.571,390.0,39621.143,10298.143,1972.857,1116.429,3.286,82.714,197.714,1480.286,7.286,1153.0,112.0
2022-06-22,4005.571,523.286,39852.0,10140.714,1972.857,927.286,7.286,80.857,197.714,1712.714,7.286,1153.0,105.0
2022-06-23,4005.571,614.143,50144.714,9514.857,2813.857,927.286,7.286,76.429,197.714,1941.143,7.286,1153.0,121.714
2022-06-24,4005.571,701.429,58771.0,9232.571,2813.857,312.0,7.286,80.286,300.571,2106.571,7.286,1153.0,117.286
2022-06-25,4005.571,824.0,58771.0,9369.571,2813.857,750.857,7.286,86.0,300.571,2228.286,7.286,1153.0,127.571
2022-06-26,3668.571,800.571,58771.0,9371.286,2813.857,750.857,7.286,86.857,300.571,2489.714,7.286,1153.0,124.429
2022-06-27,3668.571,716.0,53693.0,9508.429,2813.857,750.857,7.286,86.857,300.571,2376.571,7.286,811.571,121.286
2022-06-28,3668.571,861.286,55446.714,9597.714,2813.857,438.857,7.286,90.429,300.571,2524.857,6.714,811.571,103.143
2022-06-29,3668.571,1079.857,45174.429,9163.429,2813.857,1602.143,1.143,90.0,300.571,2782.429,6.714,811.571,131.0
2022-06-30,3668.571,1166.714,56462.286,9492.286,3403.857,1602.143,1.143,80.0,300.571,2605.286,6.714,811.571,97.429
2022-07-01,3668.571,1244.714,58699.571,9594.714,3403.857,1602.143,1.143,75.0,0.0,2667.571,6.714,811.571,130.714
2022-07-02,3668.571,1122.143,64097.286,9413.0,3403.857,1163.286,1.143,76.143,0.0,3064.857,6.714,811.571,138.857
2022-07-03,3879.143,1205.714,66750.857,9196.0,3403.857,1163.286,1.143,73.714,758.429,2942.857,6.714,811.571,129.429
2022-07-04,3879.143,1550.143,57943.857,8927.571,3403.857,1722.714,1.143,77.571,758.429,3204.571,6.714,0.0,178.143
2022-07-05,3879.143,1404.857,57651.429,8869.714,3403.857,1991.429,1.143,68.286,758.429,3342.571,3.714,660.286,178.143
2022-07-06,3879.143,1658.0,68675.143,9259.143,3403.857,828.143,2.286,74.0,758.429,3587.429,3.714,660.286,174.143
2022-07-07,3879.143,1842.0,57387.429,9285.714,3381.0,828.143,2.286,76.286,758.429,4215.286,3.714,660.286,189.286
2022-07-08,3879.143,1594.571,56683.0,9048.571,3381.0,1228.143,2.286,78.286,758.429,4698.429,3.714,660.286,190.714
2022-07-09,3879.143,1979.571,57522.0,8804.286,3381.0,1228.143,2.286,81.571,758.429,4875.0,3.714,660.286,182.286
2022-07-10,4549.286,2106.0,58006.0,8658.714,3381.0,1228.143,2.286,82.714,1855.429,5374.714,3.714,660.286,229.143
2022-07-11,4549.286,2385.714,57797.714,8608.0,3381.0,1195.429,2.286,81.143,1855.429,6164.571,3.714,1105.857,193.571
2022-07-12,4549.286,2385.714,56291.571,8531.0,3381.0,959.857,2.286,101.429,1855.429,6716.286,4.143,445.571,213.143
2022-07-13,4549.286,2846.714,55585.571,8425.571,3381.0,1717.286,0.0,93.857,1855.429,7649.714,4.143,445.571,220.571
2022-07-14,4549.286,3023.857,54632.571,8227.857,3521.286,1717.286,0.0,99.714,1855.429,6777.429,4.143,445.571,235.286
2022-07-15,4549.286,3023.857,59896.143,8074.714,3521.286,1317.286,0.0,101.429,3997.0,9599.143,4.143,445.571,227.857
2022-07-16,4549.286,3700.714,59395.0,7814.143,3521.286,1317.286,0.0,100.714,3997.0,10259.714,4.143,445.571,252.286
2022-07-17,5665.143,3623.714,57807.714,7549.143,3521.286,1317.286,0.0,102.714,2141.571,9387.0,4.143,445.571,301.429
2022-07-18,5665.143,2999.571,57044.0,7322.143,3521.286,1863.571,0.0,106.714,2141.571,11176.0,4.143,0.0,317.143
2022-07-19,5665.143,3621.429,56179.857,7193.714,3521.286,1975.571,0.0,92.714,2141.571,11788.571,4.286,348.286,297.571
2022-07-20,5665.143,4143.0,53930.714,6983.571,3521.286,1782.714,0.0,96.0,2141.571,12019.429,4.286,348.286,329.857
2022-07-21,5665.143,4414.429,51938.429,6884.286,3448.143,2683.857,0.0,89.286,2141.571,14020.286,4.286,348.286,380.429
2022-07-22,5665.143,5262.286,43629.857,6736.143,3448.143,2683.857,0.571,86.0,0.0,12417.857,4.286,348.286,368.429
2022-07-23,5665.143,4714.429,37894.286,6755.0,3448.143,2683.857,0.571,78.0,1748.571,12702.0,4.286,348.286,319.0
2022-07-24,5962.143,4821.143,41462.571,6870.714,3448.143,2683.857,0.571,76.286,1748.571,14034.0,4.286,348.286,357.143
2022-07-25,5962.143,5466.714,40307.143,7081.286,3448.143,2910.286,0.571,70.857,1748.571,11949.714,4.286,348.286,363.714
2022-07-26,5962.143,5749.571,37437.857,7189.714,3448.143,2765.143,0.571,69.857,1748.571,12220.857,2.429,285.0,363.714
2022-07-27,5962.143,5006.857,35728.429,7478.429,3448.143,2200.571,0.571,64.0,1748.571,12259.286,2.429,285.0,326.429
2022-07-28,5962.143,5001.714,34751.143,7613.0,2594.857,2122.571,0.571,60.571,1748.571,12448.0,2.429,285.0,399.143
2022-07-29,5962.143,4915.429,33596.0,7829.571,,2122.571,0.0,59.0,2612.714,10317.857,2.429,285.0,420.429
2022-07-30,5962.143,4911.429,36865.857,8004.571,,2122.571,0.0,54.143,,9388.714,2.429,285.0,473.429
2022-07-31,7535.0,4871.429,34649.143,8042.714,,2122.571,0.0,51.429,,10110.143,2.429,285.0,419.143
2022-08-01,,4225.857,33428.429,8100.143,,823.143,0.0,52.286,,9916.143,2.429,560.0,413.0
2022-08-02,,4706.571,32935.571,8182.286,,1155.0,0.571,42.714,,9209.286,2.286,,
